population_type,P_median_s,Pdot_median_ss,S1400_median_mJy,DM_median_pccm3,t_int_followup_s,sigma_toa_us,sigma_P_ns,sigma_Pdot_1e-15,recommended_cadence_days
young,0.5017203127367145,1.0180753185324689e-15,1.006214873517063,99.04154650542588,60.0,1481.489458759296,0.27411970112086026,1.9545692172129498,129.73449927612882
msp,0.00488552705399275,1.0146256153755349e-20,0.49226785872977574,51.72177075725479,60.0,29.348927665275784,5.149124566577862e-07,0.00037704611055796157,92.07164533555562
magnetar,7.8855644092466015,1.0189793268234149e-11,0.17875823817095282,596.5669769248639,60.0,137121.12342787324,6267.412001191918,2843.3344753382485,34.32499578971908
high_b,1.951141629825847,1.0431044238973815e-13,0.8479061969403117,310.22079834786916,60.0,6741.426353277926,18.864604306996053,34.58847339726088,115.27680371588329
intermittent,0.982558373408772,1.1246103374375612e-14,5.165376610508124,147.85392026740607,60.0,558.0610469880095,0.39601966040919917,1.441885834942381,296.3258362517097
galactic_center,0.7581986401101248,1.4351545256190193e-14,0.28756118231176786,976.0333033930685,60.0,8056.241613124841,3.404213582667213,16.062246570697745,66.8318852410891
