{
  "initialization_time_control": 1.5417213439941406,
  "execution_time_control": 296.42780804634094,
  "total_time": 297.9695293903351
}