{
  "initialization_time_control": 1.5414619445800781,
  "execution_time_control": 198.2748417854309,
  "total_time": 199.816303730011
}