{
  "initialization_time_control": 1.6117668151855469,
  "execution_time_control": 278.8140506744385,
  "total_time": 280.425817489624
}