{
  "initialization_time_control": 1.6441612243652344,
  "execution_time_control": 134.72791743278503,
  "total_time": 136.37207865715027
}