{
  "initialization_time_control": 1.5708792209625244,
  "execution_time_control": 90.23401713371277,
  "total_time": 91.8048963546753
}