{
  "initialization_time_planning": 1.6855578422546387,
  "execution_time_planning": 38.80522966384888,
  "initialization_time_control": 1.8603286743164062,
  "execution_time_control": 512.3410539627075,
  "total_time": 554.6921701431274
}