{
  "initialization_time_planning": 1.6772308349609375,
  "execution_time_planning": 48.87304902076721,
  "total_time": 50.55027985572815
}