{
  "initialization_time_planning": 1.6855578422546387,
  "execution_time_planning": 38.80522966384888,
  "total_time": 40.490787506103516
}