{
  "initialization_time_control": 1.612799882888794,
  "execution_time_control": 55.34326696395874,
  "total_time": 56.956066846847534
}