{
  "initialization_time_control": 1.654921293258667,
  "execution_time_control": 69.21241688728333,
  "total_time": 70.86733818054199
}