{
  "initialization_time_control": 1.6045799255371094,
  "execution_time_control": 53.543962240219116,
  "total_time": 55.148542165756226
}