{
  "initialization_time_control": 1.5884137153625488,
  "execution_time_control": 47.196977376937866,
  "total_time": 48.785391092300415
}